time_stamp, total time, matches num, keypoints num, search time, delete size, delete time, tree size st, tree size end, add point size, preprocess time
1669817724.10881233,1.27002979,0,377,0,16697,0.00000000,24850,11740,40445920,0.00000000
1669817724.20874357,0.18341729,356,377,0,24850,0.00000000,31582,9455,40445920,0.00000000
1669817724.30900264,0.19435369,307,375,0,31582,0.00000000,36721,8842,40445920,0.00000000
1669817724.40934253,0.19204591,316,368,0,36721,0.00000000,41986,8675,40445920,0.00000000
1669817724.50945354,0.18374294,326,378,0,41986,0.00000000,47017,8523,40445920,0.00000000
1669817724.60920024,0.18348912,328,360,0,46339,0.00000000,50041,7697,40445920,0.00000000
1669817724.70888853,0.19106779,321,359,0,50041,0.00000000,54157,7127,40445920,0.00000000
1669817724.80857444,0.19335566,333,363,0,52396,0.00000000,56638,6646,40445920,0.00000000
1669817724.90846634,0.18645462,330,365,0,56638,0.00000000,59753,5903,40445920,0.00000000
1669817725.00788403,0.18415200,319,376,0,59753,0.00000000,62511,5547,40445920,0.00000000
1669817725.10800791,0.17989285,365,393,0,60162,0.00000000,63067,5301,40445920,0.00000000
1669817725.20828176,0.18002037,335,368,0,63067,0.00000000,66068,5599,40445920,0.00000000
1669817725.30855203,0.19699159,330,372,0,66068,0.00000000,69066,5825,40445920,0.00000000
1669817725.40839887,0.17396182,329,392,0,69066,0.00000000,72040,5926,40445920,0.00000000
1669817725.50922346,0.18278294,344,378,0,72040,0.00000000,74826,5770,40445920,0.00000000
1669817725.60902262,0.19563307,350,393,0,74826,0.00000000,77221,5494,40445920,0.00000000
1669817725.70920277,0.19176520,345,376,0,77221,0.00000000,79293,4927,40445920,0.00000000
1669817725.80904245,0.18766473,337,368,0,79293,0.00000000,80993,4784,40445920,0.00000000
1669817725.90844464,0.17845433,332,378,0,80993,0.00000000,82841,4305,40445920,0.00000000
1669817726.00874543,0.17179775,353,392,0,82841,0.00000000,83612,3532,40445920,0.00000000
1669817726.10876870,0.18646804,297,376,0,83612,0.00000000,85146,3637,40445920,0.00000000
1669817726.20844865,0.17698812,326,371,0,85146,0.00000000,86605,4809,40445920,0.00000000
1669817726.30856180,0.19092430,328,367,0,86605,0.00000000,89410,5882,40445920,0.00000000
1669817726.40921855,0.19280692,320,357,0,89410,0.00000000,92029,6140,40445920,0.00000000
1669817726.50882983,0.19333533,299,373,0,92029,0.00000000,94219,5332,40445920,0.00000000
1669817726.60888457,0.18186982,346,372,0,94219,0.00000000,96056,4883,40445920,0.00000000
1669817726.70914507,0.18035283,352,386,0,96056,0.00000000,97783,4153,40445920,0.00000000
1669817726.80899072,0.18443704,341,386,0,97783,0.00000000,98851,3446,40445920,0.00000000
1669817726.90945959,0.17365376,361,393,0,98851,0.00000000,100153,3171,40445920,0.00000000
1669817727.00857043,0.17197084,374,402,0,100153,0.00000000,101337,3524,40445920,0.00000000
1669817727.10856915,0.17631301,350,372,0,101337,0.00000000,102877,4156,40445920,0.00000000
1669817727.20825863,0.17981478,313,371,0,102877,0.00000000,104426,4224,40445920,0.00000000
1669817727.30939913,0.17794038,300,378,0,104426,0.00000000,105799,3730,40445920,0.00000000
1669817727.40919018,0.18032365,323,371,0,103961,0.00000000,105707,3613,40445920,0.00000000
1669817727.50883579,0.19233724,356,389,0,105707,0.00000000,107149,3449,40445920,0.00000000
1669817727.60988569,0.17702531,302,374,0,107149,0.00000000,108827,3773,40445920,0.00000000
1669817727.70876169,0.19112773,330,360,0,108827,0.00000000,110912,5096,40445920,0.00000000
1669817727.80934501,0.18787449,328,374,0,110912,0.00000000,112971,5374,40445920,0.00000000
1669817727.90937138,0.19555826,311,378,0,112971,0.00000000,114801,4372,40445920,0.00000000
1669817728.00910902,0.18585597,323,363,0,114801,0.00000000,116342,3561,40445920,0.00000000
1669817728.10935712,0.18959798,334,372,0,116342,0.00000000,117468,3010,40445920,0.00000000
1669817728.20939636,0.17736062,358,398,0,117468,0.00000000,118296,2825,40445920,0.00000000
1669817728.31019235,0.16843783,323,393,0,118296,0.00000000,119027,2412,40445920,0.00000000
1669817728.40957189,0.16608873,316,388,0,119027,0.00000000,119765,1917,40445920,0.00000000
1669817728.50926542,0.16660714,300,376,0,119765,0.00000000,120869,2243,40445920,0.00000000
1669817728.60940051,0.17466829,357,384,0,120869,0.00000000,121328,3357,40445920,0.00000000
1669817728.70972729,0.17159957,356,385,0,121328,0.00000000,122630,3951,40445920,0.00000000
1669817728.80975485,0.17736985,338,365,0,122630,0.00000000,124219,3700,40445920,0.00000000
1669817728.90904832,0.18037186,290,365,0,124219,0.00000000,125632,3178,40445920,0.00000000
1669817729.00884628,0.17078188,282,370,0,125632,0.00000000,126482,2642,40445920,0.00000000
1669817729.10913587,0.16781338,296,394,0,126482,0.00000000,127442,2441,40445920,0.00000000
1669817729.20976043,0.16440508,343,399,0,127442,0.00000000,128291,2320,40445920,0.00000000
1669817729.30950284,0.17719175,361,390,0,128291,0.00000000,128559,2256,40445920,0.00000000
1669817729.40894246,0.16544674,348,399,0,124747,0.00000000,125880,2512,40445920,0.00000000
1669817729.50905585,0.17513013,348,395,0,125880,0.00000000,128054,3413,40445920,0.00000000
1669817729.60930419,0.17241450,334,378,0,128054,0.00000000,130431,4275,40445920,0.00000000
1669817729.70960569,0.18134580,341,384,0,130431,0.00000000,133012,4530,40445920,0.00000000
1669817729.81001377,0.18100162,292,360,0,133012,0.00000000,136103,5676,40445920,0.00000000
1669817729.90953255,0.18238852,349,393,0,136103,0.00000000,140188,7276,40445920,0.00000000
1669817730.00876641,0.18449719,327,373,0,140188,0.00000000,142696,5288,40445920,0.00000000
1669817730.10896611,0.17880644,307,377,0,142696,0.00000000,145010,4607,40445920,0.00000000
1669817730.20905185,0.18055825,350,391,0,145010,0.00000000,147279,4492,40445920,0.00000000
1669817730.30905628,0.17454585,311,360,0,147279,0.00000000,149213,4055,40445920,0.00000000
1669817730.40877175,0.17951292,310,377,0,149213,0.00000000,149958,3844,40445920,0.00000000
1669817730.50853634,0.17684868,318,360,0,146042,0.00000000,147734,3311,40445920,0.00000000
1669817730.60875368,0.18310747,317,376,0,147734,0.00000000,149279,3084,40445920,0.00000000
1669817730.70846224,0.19666713,337,374,0,149279,0.00000000,150983,3145,40445920,0.00000000
1669817730.80895329,0.18248567,264,381,0,150983,0.00000000,152555,3313,40445920,0.00000000
1669817730.90936232,0.19338215,329,374,0,152555,0.00000000,153633,3117,40445920,0.00000000
1669817731.00890207,0.20202330,378,420,0,153633,0.00000000,154946,2730,40445920,0.00000000
1669817731.11014867,0.17864899,357,390,0,154946,0.00000000,155774,2244,40445920,0.00000000
1669817731.20998669,0.17031019,374,415,0,155774,0.00000000,156651,2155,40445920,0.00000000
1669817731.31017804,0.17337080,333,395,0,156651,0.00000000,157602,2060,40445920,0.00000000
1669817731.41066957,0.18687771,331,381,0,157602,0.00000000,158501,2008,40445920,0.00000000
1669817731.51046228,0.19894208,309,356,0,158501,0.00000000,159040,2072,40445920,0.00000000
1669817731.61047649,0.18746668,366,404,0,159040,0.00000000,159960,2402,40445920,0.00000000
1669817731.71041918,0.17154298,321,381,0,159960,0.00000000,161181,2617,40445920,0.00000000
1669817731.81121802,0.18294208,327,374,0,159840,0.00000000,161204,2502,40445920,0.00000000
1669817731.91107869,0.18104052,333,380,0,161204,0.00000000,162301,2361,40445920,0.00000000
1669817732.01049781,0.17269932,341,386,0,162301,0.00000000,163253,2085,40445920,0.00000000
1669817732.11075425,0.20463490,324,377,0,163253,0.00000000,164312,3136,40445920,0.00000000
1669817732.21062183,0.18684191,246,352,0,164312,0.00000000,165613,3420,40445920,0.00000000
1669817732.31150174,0.19626986,260,349,0,165613,0.00000000,167147,3768,40445920,0.00000000
1669817732.41146183,0.19652302,279,350,0,167147,0.00000000,168947,4406,40445920,0.00000000
1669817732.51066113,0.16863474,265,360,0,168947,0.00000000,171294,4682,40445920,0.00000000
1669817732.61017179,0.16941286,286,341,0,171294,0.00000000,173435,4143,40445920,0.00000000
1669817732.71034980,0.17322990,284,350,0,173435,0.00000000,176082,4728,40445920,0.00000000
1669817732.81022000,0.17922418,263,365,0,176082,0.00000000,177856,4106,40445920,0.00000000
1669817732.90974545,0.17897197,280,378,0,177856,0.00000000,179347,4118,40445920,0.00000000
1669817733.00981498,0.20051439,198,363,0,179347,0.00000000,180955,3968,40445920,0.00000000
1669817733.11092043,0.17156726,193,373,0,180955,0.00000000,182808,4390,40445920,0.00000000
1669817733.21070313,0.17476370,190,378,0,182808,0.00000000,184702,4403,40445920,0.00000000
1669817733.31034303,0.17345520,190,371,0,184702,0.00000000,186945,4563,40445920,0.00000000
1669817733.40996838,0.17224523,178,369,0,186945,0.00000000,188888,4430,40445920,0.00000000
1669817733.51093650,0.19797363,213,381,0,188888,0.00000000,191265,4762,40445920,0.00000000
1669817733.61070442,0.17614592,225,371,0,191265,0.00000000,192999,4294,40445920,0.00000000
1669817733.71134686,0.17579489,199,374,0,192999,0.00000000,194560,4364,40445920,0.00000000
1669817733.81079221,0.17258926,211,376,0,194560,0.00000000,196124,4156,40445920,0.00000000
1669817733.91088104,0.18284805,181,377,0,196124,0.00000000,198240,4437,40445920,0.00000000
1669817734.01092148,0.18075991,236,394,0,198240,0.00000000,199469,4097,40445920,0.00000000
1669817734.11106753,0.18100980,251,385,0,199469,0.00000000,200983,3982,40445920,0.00000000
1669817734.21227503,0.18316606,194,392,0,200983,0.00000000,202902,3942,40445920,0.00000000
1669817734.31311131,0.17929338,245,385,0,202902,0.00000000,203862,3865,40445920,0.00000000
1669817734.41223288,0.17665239,241,352,0,203862,0.00000000,205227,3801,40445920,0.00000000
1669817734.51170254,0.17437727,251,327,0,205227,0.00000000,206097,3333,40445920,0.00000000
1669817734.61133790,0.18477087,211,326,0,206017,0.00000000,207263,3888,40445920,0.00000000
1669817734.71031666,0.17470181,227,340,0,207263,0.00000000,208763,3047,40445920,0.00000000
1669817734.80976653,0.17731045,209,323,0,208763,0.00000000,210064,3267,40445920,0.00000000
1669817734.90972543,0.17499522,214,318,0,210064,0.00000000,211720,3189,40445920,0.00000000
1669817735.00837111,0.17763200,142,281,0,211720,0.00000000,213533,3383,40445920,0.00000000
1669817735.10949850,0.17682337,172,313,0,213533,0.00000000,215099,3661,40445920,0.00000000
1669817735.20955110,0.17112502,228,323,0,215099,0.00000000,216647,3011,40445920,0.00000000
1669817735.31023264,0.17554203,230,323,0,216647,0.00000000,218190,3167,40445920,0.00000000
1669817735.41072464,0.17281195,231,296,0,218190,0.00000000,219529,2786,40445920,0.00000000
1669817735.51098680,0.17976425,191,310,0,219529,0.00000000,219864,2832,40445920,0.00000000
1669817735.61103439,0.18207496,156,312,0,219864,0.00000000,221437,3065,40445920,0.00000000
1669817735.71099305,0.18741247,178,329,0,221437,0.00000000,222813,3309,40445920,0.00000000
1669817735.81071305,0.18278890,184,302,0,222813,0.00000000,224155,2810,40445920,0.00000000
1669817735.90950799,0.17513899,239,310,0,224155,0.00000000,225561,2765,40445920,0.00000000
1669817736.01014543,0.19353574,180,287,0,225561,0.00000000,226711,2515,40445920,0.00000000
1669817736.10808921,0.18866995,223,298,0,226711,0.00000000,227883,2599,40445920,0.00000000
1669817736.20767355,0.18293389,200,275,0,227883,0.00000000,228960,2905,40445920,0.00000000
1669817736.30774832,0.18535382,223,305,0,228960,0.00000000,230350,3268,40445920,0.00000000
1669817736.40860200,0.17774890,203,292,0,229249,0.00000000,230492,2595,40445920,0.00000000
1669817736.51012945,0.17577235,251,296,0,230492,0.00000000,231823,2849,40445920,0.00000000
1669817736.61039138,0.17903002,214,293,0,231823,0.00000000,232883,2636,40445920,0.00000000
1669817736.71100783,0.18512361,209,299,0,232883,0.00000000,234157,2764,40445920,0.00000000
1669817736.81076646,0.18845393,160,284,0,234157,0.00000000,235506,2811,40445920,0.00000000
1669817736.91212201,0.17679531,203,299,0,235506,0.00000000,236587,2493,40445920,0.00000000
1669817737.01013994,0.18310778,200,275,0,236587,0.00000000,237783,3172,40445920,0.00000000
1669817737.10951543,0.18549131,196,288,0,237783,0.00000000,238567,2441,40445920,0.00000000
1669817737.20957780,0.18299964,237,308,0,238567,0.00000000,239835,2799,40445920,0.00000000
1669817737.30890632,0.18202351,224,295,0,239835,0.00000000,240571,2415,40445920,0.00000000
1669817737.40923381,0.17615786,181,296,0,240571,0.00000000,241529,2703,40445920,0.00000000
1669817737.50855374,0.17689550,181,270,0,241529,0.00000000,242390,2444,40445920,0.00000000
1669817737.61000323,0.18488842,225,289,0,242390,0.00000000,243445,3154,40445920,0.00000000
1669817737.71054697,0.18614856,166,265,0,243445,0.00000000,244910,2663,40445920,0.00000000
1669817737.81077194,0.17883494,177,276,0,244910,0.00000000,245792,2522,40445920,0.00000000
1669817737.91216660,0.19062315,186,270,0,245792,0.00000000,246769,2321,40445920,0.00000000
1669817738.01123929,0.17514906,164,272,0,246769,0.00000000,247212,2513,40445920,0.00000000
1669817738.11096811,0.18580424,157,259,0,247212,0.00000000,247391,2163,40445920,0.00000000
1669817738.20989323,0.18427219,215,292,0,247391,0.00000000,248463,2610,40445920,0.00000000
1669817738.30914187,0.17946354,202,299,0,248463,0.00000000,249316,2809,40445920,0.00000000
1669817738.40905428,0.18913219,225,285,0,249316,0.00000000,250092,2275,40445920,0.00000000
1669817738.50881314,0.18107439,161,264,0,249905,0.00000000,251018,3106,40445920,0.00000000
1669817738.60904431,0.19280465,166,277,0,251018,0.00000000,252388,3038,40445920,0.00000000
1669817738.70916224,0.18733385,180,258,0,252388,0.00000000,253265,2300,40445920,0.00000000
1669817738.80941415,0.17183614,191,269,0,253265,0.00000000,254486,2455,40445920,0.00000000
1669817738.90929556,0.17757744,188,282,0,254486,0.00000000,255716,2548,40445920,0.00000000
1669817739.00906920,0.17276698,171,280,0,255716,0.00000000,257025,2512,40445920,0.00000000
1669817739.10986781,0.17841416,219,277,0,257025,0.00000000,258096,2350,40445920,0.00000000
1669817739.20941663,0.17479031,164,262,0,258096,0.00000000,259084,2260,40445920,0.00000000
1669817739.30958390,0.17830599,214,285,0,257913,0.00000000,258779,2093,40445920,0.00000000
1669817739.40963244,0.17303435,209,288,0,258779,0.00000000,259274,2359,40445920,0.00000000
1669817739.50996423,0.17494432,169,252,0,258993,0.00000000,259941,2230,40445920,0.00000000
1669817739.60959077,0.18357916,160,259,0,259941,0.00000000,260963,2613,40445920,0.00000000
1669817739.70973945,0.17875412,178,266,0,260963,0.00000000,261760,2805,40445920,0.00000000
1669817739.81035376,0.17860602,199,271,0,261760,0.00000000,262873,2366,40445920,0.00000000
1669817739.91046429,0.18080557,214,285,0,262873,0.00000000,264115,2727,40445920,0.00000000
1669817740.01075625,0.17152127,178,265,0,264115,0.00000000,265307,2544,40445920,0.00000000
1669817740.11227965,0.17951361,190,307,0,265190,0.00000000,266120,2839,40445920,0.00000000
1669817740.21238470,0.17348900,149,284,0,266120,0.00000000,267138,2521,40445920,0.00000000
1669817740.31194639,0.17872151,210,289,0,267138,0.00000000,268215,2650,40445920,0.00000000
1669817740.41063905,0.17201951,190,302,0,268215,0.00000000,269561,2748,40445920,0.00000000
1669817740.50997901,0.20267538,181,314,0,269561,0.00000000,270190,3120,40445920,0.00000000
1669817740.60976481,0.19245768,208,288,0,270190,0.00000000,270769,3048,40445920,0.00000000
1669817740.70963097,0.19636752,223,272,0,270769,0.00000000,272018,2349,40445920,0.00000000
1669817740.80976176,0.18681502,156,298,0,272018,0.00000000,272965,2917,40445920,0.00000000
1669817740.90888071,0.17574794,165,271,0,272965,0.00000000,274332,2826,40445920,0.00000000
1669817741.00916696,0.19833370,177,286,0,274332,0.00000000,275072,2072,40445920,0.00000000
1669817741.10937715,0.18955707,214,276,0,275072,0.00000000,276389,2429,40445920,0.00000000
1669817741.21208167,0.17503756,182,267,0,276389,0.00000000,276961,2223,40445920,0.00000000
1669817741.31263185,0.17458629,161,265,0,276555,0.00000000,277589,2224,40445920,0.00000000
1669817741.41245222,0.18111339,179,268,0,277589,0.00000000,278692,2556,40445920,0.00000000
1669817741.51330709,0.18545599,166,269,0,278692,0.00000000,279846,2550,40445920,0.00000000
1669817741.61114216,0.17613259,240,305,0,279846,0.00000000,280080,2681,40445920,0.00000000
1669817741.71161079,0.16954259,215,273,0,278492,0.00000000,279946,2451,40445920,0.00000000
1669817741.81069160,0.17701987,172,260,0,279946,0.00000000,281310,2357,40445920,0.00000000
1669817741.91307855,0.19204956,186,311,0,281310,0.00000000,282558,3071,40445920,0.00000000
1669817742.01259756,0.17434455,151,305,0,281458,0.00000000,282847,2639,40445920,0.00000000
1669817742.11341357,0.19303748,173,274,0,282847,0.00000000,284269,2677,40445920,0.00000000
1669817742.21367407,0.17976543,201,269,0,276363,0.00000000,278117,2914,40445920,0.00000000
1669817742.31438088,0.17800652,178,263,0,278117,0.00000000,279729,2830,40445920,0.00000000
1669817742.41532516,0.17799069,186,258,0,279729,0.00000000,280780,2338,40445920,0.00000000
1669817742.51428628,0.18039061,172,275,0,280780,0.00000000,281781,2449,40445920,0.00000000
1669817742.61448431,0.17495666,168,251,0,281781,0.00000000,283206,2504,40445920,0.00000000
1669817742.71299338,0.17849383,187,248,0,283206,0.00000000,284664,3200,40445920,0.00000000
1669817742.81236792,0.17609576,125,257,0,284664,0.00000000,285955,2362,40445920,0.00000000
1669817742.91235113,0.16708716,159,233,0,285955,0.00000000,287100,2035,40445920,0.00000000
1669817743.01237845,0.17109929,150,251,0,286498,0.00000000,288432,3016,40445920,0.00000000
1669817743.11188269,0.17225615,115,262,0,288432,0.00000000,290106,2975,40445920,0.00000000
1669817743.21271968,0.17302266,165,269,0,287653,0.00000000,288559,2111,40445920,0.00000000
1669817743.31423211,0.18063033,179,260,0,288559,0.00000000,289778,2865,40445920,0.00000000
1669817743.41417575,0.17024206,134,257,0,289778,0.00000000,291034,2421,40445920,0.00000000
1669817743.51410723,0.17379369,165,263,0,291034,0.00000000,292458,2186,40445920,0.00000000
1669817743.61449742,0.16900529,144,267,0,292458,0.00000000,293787,2354,40445920,0.00000000
1669817743.71340561,0.16803065,170,276,0,293461,0.00000000,294825,2394,40445920,0.00000000
1669817743.81300068,0.17829996,186,274,0,294825,0.00000000,296348,3119,40445920,0.00000000
1669817743.91137862,0.18653358,192,296,0,296348,0.00000000,297357,2629,40445920,0.00000000
1669817744.01118565,0.17599477,168,273,0,297357,0.00000000,298849,2308,40445920,0.00000000
1669817744.11167383,0.17026373,202,269,0,298849,0.00000000,300241,2363,40445920,0.00000000
1669817744.21112180,0.16540039,227,311,0,298458,0.00000000,299616,2489,40445920,0.00000000
1669817744.31120610,0.17352352,217,291,0,299616,0.00000000,300175,2954,40445920,0.00000000
1669817744.41210508,0.16943322,231,331,0,300175,0.00000000,301467,2831,40445920,0.00000000
1669817744.51228547,0.17383981,228,283,0,301467,0.00000000,302871,2707,40445920,0.00000000
1669817744.61395788,0.16792823,172,279,0,302871,0.00000000,304326,2704,40445920,0.00000000
1669817744.71510124,0.16885923,160,288,0,304326,0.00000000,305161,2523,40445920,0.00000000
1669817744.81320286,0.16452098,160,249,0,305161,0.00000000,306334,2262,40445920,0.00000000
1669817744.91241717,0.16910470,189,274,0,305358,0.00000000,306948,2494,40445920,0.00000000
1669817745.01168656,0.16810935,168,263,0,306948,0.00000000,308381,2498,40445920,0.00000000
1669817745.11214137,0.17097790,156,272,0,305940,0.00000000,307053,2482,40445920,0.00000000
1669817745.21142697,0.17606170,149,264,0,307053,0.00000000,308328,2091,40445920,0.00000000
1669817745.31081796,0.16796625,150,272,0,308328,0.00000000,309977,2614,40445920,0.00000000
1669817745.41170788,0.17339405,179,260,0,308846,0.00000000,310148,2333,40445920,0.00000000
1669817745.51274776,0.16457564,203,270,0,310148,0.00000000,311256,2172,40445920,0.00000000
1669817745.61480379,0.17708498,185,267,0,311256,0.00000000,312630,2854,40445920,0.00000000
1669817745.71426725,0.15869825,183,258,0,312591,0.00000000,313947,2190,40445920,0.00000000
1669817745.81664944,0.17966340,187,263,0,313947,0.00000000,314906,1797,40445920,0.00000000
1669817745.91642904,0.16921766,170,256,0,314701,0.00000000,315567,1733,40445920,0.00000000
1669817746.01508975,0.16599491,184,287,0,313166,0.00000000,314654,2103,40445920,0.00000000
1669817746.11363339,0.16382439,169,258,0,311175,0.00000000,312820,2584,40445920,0.00000000
1669817746.21263242,0.16167894,189,264,0,312820,0.00000000,313970,2082,40445920,0.00000000
1669817746.31251407,0.16622339,168,261,0,313461,0.00000000,314553,1755,40445920,0.00000000
1669817746.40484571,0.15870714,158,248,0,314553,0.00000000,316016,2134,40445920,0.00000000
1669817746.50557971,0.17572288,145,253,0,315075,0.00000000,316064,2205,40445920,0.00000000
1669817746.60530710,0.17132554,160,259,0,315074,0.00000000,316374,1858,40445920,0.00000000
1669817746.70586395,0.16126427,161,280,0,316374,0.00000000,317866,2245,40445920,0.00000000
1669817746.80699897,0.17958331,162,277,0,317866,0.00000000,318940,1964,40445920,0.00000000
1669817746.90657234,0.16682809,142,257,0,318617,0.00000000,319473,1796,40445920,0.00000000
1669817747.00681281,0.17044278,143,251,0,319473,0.00000000,320427,1972,40445920,0.00000000
1669817747.10616541,0.16014361,136,251,0,320427,0.00000000,321692,2070,40445920,0.00000000
1669817747.20477033,0.16332475,185,254,0,321692,0.00000000,323244,2419,40445920,0.00000000
1669817747.30355644,0.16418481,177,268,0,323244,0.00000000,324427,2066,40445920,0.00000000
1669817747.40299273,0.15837258,181,257,0,324427,0.00000000,325494,1959,40445920,0.00000000
1669817747.50270891,0.16898986,175,258,0,325494,0.00000000,326902,2237,40445920,0.00000000
1669817747.60276413,0.16389100,153,258,0,326902,0.00000000,328256,2170,40445920,0.00000000
1669817747.70374918,0.15758614,152,289,0,327574,0.00000000,328423,1830,40445920,0.00000000
1669817747.80535388,0.16064872,222,282,0,328423,0.00000000,329607,2177,40445920,0.00000000
1669817747.90627122,0.15753319,177,257,0,329607,0.00000000,330787,1821,40445920,0.00000000
1669817748.00648761,0.15792057,167,275,0,330787,0.00000000,331673,1726,40445920,0.00000000
1669817748.10671234,0.17191641,197,299,0,331504,0.00000000,332507,1801,40445920,0.00000000
1669817748.20668149,0.16594688,171,257,0,332507,0.00000000,333548,1852,40445920,0.00000000
1669817748.30590439,0.17324964,191,265,0,333548,0.00000000,334503,2082,40445920,0.00000000
1669817748.40430927,0.17073342,138,252,0,334503,0.00000000,335424,1857,40445920,0.00000000
1669817748.50412321,0.16522730,160,260,0,335424,0.00000000,336430,1611,40445920,0.00000000
1669817748.60319614,0.15559818,166,256,0,336430,0.00000000,337631,2070,40445920,0.00000000
1669817748.70302725,0.16194806,136,261,0,337631,0.00000000,338019,1880,40445920,0.00000000
1669817748.80329132,0.16490158,113,243,0,338019,0.00000000,339155,2202,40445920,0.00000000
1669817748.90443754,0.15783690,163,246,0,339155,0.00000000,340219,2678,40445920,0.00000000
1669817749.00527501,0.15689951,135,250,0,340219,0.00000000,341406,2146,40445920,0.00000000
1669817749.10627055,0.15939269,134,259,0,341406,0.00000000,342363,1892,40445920,0.00000000
1669817749.20720792,0.15656812,143,258,0,341918,0.00000000,343413,2148,40445920,0.00000000
1669817749.30611062,0.16288977,138,248,0,341865,0.00000000,342972,2385,40445920,0.00000000
1669817749.40681720,0.15625189,168,260,0,342972,0.00000000,344262,2275,40445920,0.00000000
1669817749.50586367,0.16685736,151,228,0,344262,0.00000000,345513,1926,40445920,0.00000000
1669817749.60539532,0.16402706,166,243,0,345182,0.00000000,346182,1946,40445920,0.00000000
1669817749.70619845,0.17309654,163,248,0,346182,0.00000000,347762,2469,40445920,0.00000000
1669817749.80663586,0.17094451,170,245,0,346537,0.00000000,347902,2354,40445920,0.00000000
1669817749.90732002,0.17094604,150,247,0,347902,0.00000000,349257,2638,40445920,0.00000000
1669817750.00749707,0.16984478,170,266,0,348241,0.00000000,349775,2548,40445920,0.00000000
1669817750.10777044,0.16243690,192,271,0,349593,0.00000000,350887,2227,40445920,0.00000000
1669817750.20753431,0.15819501,181,261,0,350004,0.00000000,351314,2268,40445920,0.00000000
1669817750.30842948,0.16434861,166,271,0,351314,0.00000000,352649,2672,40445920,0.00000000
1669817750.40735102,0.16636596,164,289,0,352649,0.00000000,353877,2509,40445920,0.00000000
1669817750.50656629,0.16436437,211,286,0,353877,0.00000000,355751,2660,40445920,0.00000000
1669817750.60524273,0.16560839,214,279,0,355291,0.00000000,356587,2591,40445920,0.00000000
1669817750.70457911,0.16268849,194,285,0,356587,0.00000000,358392,3067,40445920,0.00000000
1669817750.80621076,0.15712574,227,290,0,357807,0.00000000,358933,2741,40445920,0.00000000
1669817750.90591288,0.16894027,183,295,0,358933,0.00000000,360331,2683,40445920,0.00000000
1669817751.00711417,0.15712966,228,265,0,360331,0.00000000,361896,2604,40445920,0.00000000
1669817751.10830021,0.16047143,190,257,0,361896,0.00000000,362910,2751,40445920,0.00000000
1669817751.20884156,0.16677354,172,270,0,362910,0.00000000,364185,2322,40445920,0.00000000
1669817751.30883002,0.16319178,198,275,0,362498,0.00000000,364262,2587,40445920,0.00000000
1669817751.40835428,0.16307285,143,241,0,362154,0.00000000,363856,2517,40445920,0.00000000
1669817751.50754309,0.16723391,199,282,0,363856,0.00000000,365561,2965,40445920,0.00000000
1669817751.60752034,0.16230554,166,268,0,365561,0.00000000,367246,2578,40445920,0.00000000
1669817751.70846653,0.15915506,217,284,0,367246,0.00000000,368645,2283,40445920,0.00000000
1669817751.80822754,0.16802683,167,266,0,368645,0.00000000,370016,2530,40445920,0.00000000
1669817751.90802860,0.16621589,193,287,0,370016,0.00000000,371881,2690,40445920,0.00000000
1669817752.00773215,0.15884600,143,272,0,371650,0.00000000,373079,2641,40445920,0.00000000
1669817752.10857511,0.16426679,216,286,0,372440,0.00000000,374244,2763,40445920,0.00000000
1669817752.21085858,0.16042559,159,289,0,374244,0.00000000,375427,2488,40445920,0.00000000
1669817752.30979538,0.16471729,203,293,0,375427,0.00000000,377338,2352,40445920,0.00000000
1669817752.40943527,0.16287980,169,277,0,372253,0.00000000,374080,2740,40445920,0.00000000
1669817752.50886130,0.15640472,176,285,0,374080,0.00000000,376581,3501,40445920,0.00000000
1669817752.60863185,0.15944417,162,301,0,376581,0.00000000,378467,3069,40445920,0.00000000
1669817752.70858908,0.16585979,198,264,0,378467,0.00000000,380021,3091,40445920,0.00000000
1669817752.80895829,0.15588675,200,277,0,379856,0.00000000,382123,3280,40445920,0.00000000
1669817752.90880203,0.16177766,185,294,0,381800,0.00000000,383449,2584,40445920,0.00000000
1669817753.00813961,0.16592310,163,260,0,382339,0.00000000,383715,2775,40445920,0.00000000
1669817753.10984564,0.16240712,217,264,0,383715,0.00000000,385445,2766,40445920,0.00000000
1669817753.21101904,0.17647385,150,266,0,384699,0.00000000,385485,2641,40445920,0.00000000
1669817753.30981374,0.16476472,187,269,0,369623,0.00000000,372040,2652,40445920,0.00000000
1669817753.40949440,0.15923334,197,289,0,372040,0.00000000,374700,3106,40445920,0.00000000
1669817753.50949430,0.15739216,190,288,0,374700,0.00000000,377250,2995,40445920,0.00000000
1669817753.60866261,0.17015015,180,289,0,377250,0.00000000,379168,2673,40445920,0.00000000
1669817753.70792055,0.15450008,176,248,0,379168,0.00000000,381039,2421,40445920,0.00000000
1669817753.80797648,0.15374411,219,289,0,381039,0.00000000,382615,2280,40445920,0.00000000
1669817753.90730000,0.16854487,200,302,0,382615,0.00000000,384429,2538,40445920,0.00000000
1669817754.00756788,0.15879813,200,275,0,384429,0.00000000,386041,2312,40445920,0.00000000
1669817754.10922146,0.16529934,173,254,0,386041,0.00000000,387867,2534,40445920,0.00000000
1669817754.21044850,0.17389117,180,270,0,387867,0.00000000,389590,2652,40445920,0.00000000
1669817754.30927706,0.16641633,184,287,0,389590,0.00000000,391013,2104,40445920,0.00000000
1669817754.40885711,0.15668109,201,277,0,390936,0.00000000,392442,2242,40445920,0.00000000
1669817754.50919724,0.17030614,187,300,0,392442,0.00000000,394377,2997,40445920,0.00000000
1669817754.60889125,0.16408085,209,287,0,394377,0.00000000,396345,3097,40445920,0.00000000
1669817754.70814753,0.15511165,196,278,0,396345,0.00000000,397428,2524,40445920,0.00000000
1669817754.80845165,0.16068966,170,278,0,397428,0.00000000,398577,2071,40445920,0.00000000
1669817754.90869427,0.15523412,200,277,0,398577,0.00000000,400296,2690,40445920,0.00000000
1669817755.00831437,0.15759658,202,277,0,400296,0.00000000,401442,2683,40445920,0.00000000
1669817755.10866857,0.15982893,220,300,0,401442,0.00000000,402842,2362,40445920,0.00000000
1669817755.20989466,0.16325475,222,305,0,402842,0.00000000,404614,3033,40445920,0.00000000
1669817755.30991411,0.15519480,186,283,0,404614,0.00000000,405479,2676,40445920,0.00000000
1669817755.41175485,0.16281087,228,306,0,405374,0.00000000,406606,2287,40445920,0.00000000
1669817755.51061916,0.15924810,177,301,0,406606,0.00000000,408209,2807,40445920,0.00000000
1669817755.60993767,0.16290599,177,269,0,408209,0.00000000,409683,3071,40445920,0.00000000
1669817755.70939660,0.15758498,146,301,0,409683,0.00000000,411301,3215,40445920,0.00000000
1669817755.80913901,0.15908464,176,286,0,411301,0.00000000,412701,2655,40445920,0.00000000
1669817755.90934777,0.15855855,195,280,0,412701,0.00000000,414073,2586,40445920,0.00000000
1669817756.00952148,0.15383483,184,295,0,414073,0.00000000,415396,2621,40445920,0.00000000
1669817756.10915375,0.15837707,136,255,0,415396,0.00000000,417001,2732,40445920,0.00000000
1669817756.20948935,0.16711849,192,291,0,417001,0.00000000,418330,2757,40445920,0.00000000
1669817756.31143713,0.15817597,188,286,0,418330,0.00000000,419774,2919,40445920,0.00000000
1669817756.41266060,0.16239782,192,301,0,419774,0.00000000,420956,2878,40445920,0.00000000
1669817756.51261330,0.16193003,184,308,0,420956,0.00000000,422146,2591,40445920,0.00000000
1669817756.60525250,0.17642047,189,289,0,422146,0.00000000,423438,2392,40445920,0.00000000
1669817756.70443892,0.17683742,229,308,0,423438,0.00000000,424843,2940,40445920,0.00000000
1669817756.80333352,0.16073099,156,309,0,424843,0.00000000,426093,2772,40445920,0.00000000
1669817756.90353084,0.16053138,196,312,0,426093,0.00000000,427520,2418,40445920,0.00000000
1669817757.00523138,0.19002935,223,291,0,427321,0.00000000,429888,2717,40445920,0.00000000
1669817757.10575080,0.15990719,197,308,0,429888,0.00000000,432404,2653,40445920,0.00000000
1669817757.20627499,0.16350113,225,308,0,399809,0.00000000,401879,2438,40445920,0.00000000
1669817757.31022859,0.15785293,204,301,0,401879,0.00000000,404063,2744,40445920,0.00000000
1669817757.40726304,0.15336515,206,289,0,404063,0.00000000,406098,2488,40445920,0.00000000
1669817757.50710464,0.15731934,206,343,0,406098,0.00000000,407981,2318,40445920,0.00000000
1669817757.60634685,0.16086775,241,321,0,407981,0.00000000,409983,2712,40445920,0.00000000
1669817757.70675373,0.17423080,183,290,0,409983,0.00000000,411738,2241,40445920,0.00000000
1669817757.80762196,0.17243227,160,322,0,411738,0.00000000,413690,2741,40445920,0.00000000
1669817757.90725255,0.18932515,185,305,0,413690,0.00000000,416034,3046,40445920,0.00000000
1669817758.00754738,0.16902178,200,294,0,416034,0.00000000,417690,2356,40445920,0.00000000
1669817758.10811806,0.16259346,212,327,0,417690,0.00000000,419554,2555,40445920,0.00000000
1669817758.21055436,0.15927069,214,299,0,419483,0.00000000,421329,2705,40445920,0.00000000
1669817758.31324553,0.16015706,214,303,0,421329,0.00000000,423055,2493,40445920,0.00000000
1669817758.41335988,0.16137843,190,314,0,423055,0.00000000,424879,3082,40445920,0.00000000
1669817758.51328659,0.16366986,166,324,0,424879,0.00000000,426705,2784,40445920,0.00000000
1669817758.61212802,0.15504482,163,329,0,426705,0.00000000,428901,3001,40445920,0.00000000
1669817758.71226144,0.16670581,221,350,0,428901,0.00000000,431006,3026,40445920,0.00000000
1669817758.81195402,0.16310523,247,343,0,430940,0.00000000,433029,3376,40445920,0.00000000
1669817758.91232371,0.16201870,197,315,0,433029,0.00000000,435285,3554,40445920,0.00000000
1669817759.01354194,0.15756092,198,295,0,435285,0.00000000,436917,2454,40445920,0.00000000
1669817759.11144423,0.16771529,194,299,0,436917,0.00000000,438952,3080,40445920,0.00000000
1669817759.21086836,0.15484538,167,320,0,437759,0.00000000,439713,2683,40445920,0.00000000
1669817759.31068492,0.16823855,228,309,0,439627,0.00000000,441403,2670,40445920,0.00000000
1669817759.41182399,0.15808003,201,307,0,441403,0.00000000,443368,3009,40445920,0.00000000
1669817759.51321864,0.17160212,201,329,0,443368,0.00000000,444127,2822,40445920,0.00000000
1669817759.61316299,0.15872552,199,313,0,444127,0.00000000,445860,2845,40445920,0.00000000
1669817759.71232247,0.17099312,204,291,0,445860,0.00000000,447653,3089,40445920,0.00000000
1669817759.81226802,0.15881317,195,326,0,447653,0.00000000,449340,2974,40445920,0.00000000
1669817759.91217566,0.16547280,186,290,0,449191,0.00000000,451152,3711,40445920,0.00000000
1669817760.01272368,0.16384486,182,289,0,451152,0.00000000,452974,2692,40445920,0.00000000
1669817760.11358953,0.16250755,226,334,0,452974,0.00000000,454612,2938,40445920,0.00000000
1669817760.21309447,0.16667897,183,309,0,454612,0.00000000,456522,2974,40445920,0.00000000
1669817760.31345201,0.16537494,173,327,0,454625,0.00000000,456395,2850,40445920,0.00000000
1669817760.41367769,0.16275699,240,330,0,456395,0.00000000,458431,3235,40445920,0.00000000
1669817760.51435137,0.16629266,221,339,0,458290,0.00000000,459473,2870,40445920,0.00000000
1669817760.61430693,0.16206926,212,338,0,459366,0.00000000,460975,2647,40445920,0.00000000
1669817760.71562123,0.16915624,214,326,0,460975,0.00000000,462783,3039,40445920,0.00000000
1669817760.81617522,0.17699500,223,332,0,462783,0.00000000,464797,3083,40445920,0.00000000
1669817760.91399336,0.17210360,207,334,0,464508,0.00000000,466402,3982,40445920,0.00000000
1669817761.01280832,0.18080181,210,329,0,466402,0.00000000,468332,3174,40445920,0.00000000
1669817761.11298108,0.17711127,234,338,0,468332,0.00000000,470157,2685,40445920,0.00000000
1669817761.21249962,0.17309635,251,335,0,470157,0.00000000,471974,3521,40445920,0.00000000
1669817761.31298161,0.17650752,179,307,0,471974,0.00000000,473169,2700,40445920,0.00000000
1669817761.41412187,0.17695200,230,310,0,473169,0.00000000,475064,3288,40445920,0.00000000
1669817761.51403213,0.17714892,201,332,0,475064,0.00000000,476576,3403,40445920,0.00000000
1669817761.61445761,0.18391652,200,333,0,474129,0.00000000,475429,3059,40445920,0.00000000
1669817761.71333790,0.18320352,227,325,0,475429,0.00000000,476605,2773,40445920,0.00000000
1669817761.81442261,0.17511425,250,367,0,476605,0.00000000,478411,2621,40445920,0.00000000
1669817761.91181064,0.18134948,248,346,0,478411,0.00000000,480624,3490,40445920,0.00000000
1669817762.01240826,0.17229472,216,354,0,480624,0.00000000,481473,3232,40445920,0.00000000
1669817762.11283422,0.19175007,196,345,0,481473,0.00000000,483324,2673,40445920,0.00000000
1669817762.21177864,0.18593190,206,345,0,480452,0.00000000,482837,3579,40445920,0.00000000
1669817762.31304789,0.17969907,197,303,0,482837,0.00000000,484429,2824,40445920,0.00000000
1669817762.41417551,0.17219334,197,315,0,484429,0.00000000,486226,2971,40445920,0.00000000
1669817762.51588392,0.18072473,253,340,0,486226,0.00000000,488206,3227,40445920,0.00000000
1669817762.60556626,0.17215195,201,317,0,488206,0.00000000,489813,2623,40445920,0.00000000
1669817762.70655751,0.17686521,209,334,0,489813,0.00000000,491385,2436,40445920,0.00000000
1669817762.80623221,0.17624482,237,335,0,491385,0.00000000,492670,2393,40445920,0.00000000
1669817762.90553808,0.18021243,260,325,0,492670,0.00000000,494035,2732,40445920,0.00000000
1669817763.00413704,0.18378508,200,340,0,494035,0.00000000,495574,2730,40445920,0.00000000
1669817763.10472989,0.17566609,229,340,0,494182,0.00000000,495365,2365,40445920,0.00000000
1669817763.20728111,0.17620630,246,336,0,495365,0.00000000,496993,3411,40445920,0.00000000
1669817763.30739808,0.18052784,180,337,0,496993,0.00000000,498937,3278,40445920,0.00000000
1669817763.40859199,0.18566993,233,336,0,498365,0.00000000,500059,2716,40445920,0.00000000
1669817763.50924325,0.17766358,219,348,0,500059,0.00000000,501632,2891,40445920,0.00000000
1669817763.60953832,0.19302372,234,320,0,501632,0.00000000,503003,2532,40445920,0.00000000
1669817763.70935249,0.18267416,198,322,0,503003,0.00000000,504273,2457,40445920,0.00000000
1669817763.80933881,0.18690894,240,320,0,503908,0.00000000,505104,2460,40445920,0.00000000
1669817763.90936399,0.18897823,219,341,0,505104,0.00000000,506165,2421,40445920,0.00000000
1669817764.00868177,0.19515800,250,347,0,506165,0.00000000,507571,3159,40445920,0.00000000
1669817764.10928249,0.18853828,240,350,0,507571,0.00000000,508786,2720,40445920,0.00000000
1669817764.20939803,0.18140265,258,337,0,508786,0.00000000,510117,2374,40445920,0.00000000
1669817764.30916500,0.20291175,225,330,0,510117,0.00000000,511738,3361,40445920,0.00000000
1669817764.40966463,0.21045631,235,338,0,511738,0.00000000,512145,2674,40445920,0.00000000
1669817764.51017332,0.19687950,205,316,0,501965,0.00000000,504005,3079,40445920,0.00000000
1669817764.61131310,0.18063283,178,306,0,504005,0.00000000,505989,2712,40445920,0.00000000
1669817764.71205759,0.18095979,196,334,0,505989,0.00000000,507713,2805,40445920,0.00000000
1669817764.81334019,0.18538595,221,323,0,507713,0.00000000,509444,2694,40445920,0.00000000
1669817764.91337919,0.18662685,201,308,0,509444,0.00000000,511195,2665,40445920,0.00000000
1669817765.01354051,0.18474159,217,319,0,511195,0.00000000,511857,3493,40445920,0.00000000
1669817765.11437583,0.17335943,204,309,0,511857,0.00000000,513890,3418,40445920,0.00000000
1669817765.21436191,0.17253088,227,301,0,513890,0.00000000,515531,2671,40445920,0.00000000
1669817765.31418538,0.18440866,211,335,0,515531,0.00000000,518189,4001,40445920,0.00000000
1669817765.41403365,0.18134849,211,329,0,513319,0.00000000,515457,3268,40445920,0.00000000
1669817765.51390290,0.17867028,220,330,0,515457,0.00000000,517524,3354,40445920,0.00000000
1669817765.61398411,0.17938126,230,308,0,517524,0.00000000,519261,2981,40445920,0.00000000
1669817765.71408653,0.17508888,194,309,0,519261,0.00000000,520875,2808,40445920,0.00000000
1669817765.81388807,0.17498371,228,318,0,520875,0.00000000,522303,2642,40445920,0.00000000
1669817765.91386843,0.17792787,216,343,0,522303,0.00000000,523801,2600,40445920,0.00000000
1669817766.01336455,0.18163706,211,326,0,523801,0.00000000,525518,2504,40445920,0.00000000
1669817766.11221766,0.18815446,230,335,0,524966,0.00000000,526666,3032,40445920,0.00000000
1669817766.21307039,0.19578100,211,304,0,526241,0.00000000,527819,2618,40445920,0.00000000
1669817766.31155062,0.18995872,180,308,0,527819,0.00000000,529397,3388,40445920,0.00000000
1669817766.41148591,0.19632376,202,315,0,529397,0.00000000,531655,3769,40445920,0.00000000
1669817766.51224899,0.23899201,205,296,0,531655,0.00000000,533950,2633,40445920,0.00000000
1669817766.61288428,0.22410188,235,299,0,533950,0.00000000,536926,3400,40445920,0.00000000
1669817766.71215749,0.19432346,258,335,0,507879,0.00000000,510438,2875,40445920,0.00000000
1669817766.81224155,0.17310468,238,311,0,510438,0.00000000,512811,2696,40445920,0.00000000
1669817766.91403270,0.17712613,220,316,0,512811,0.00000000,515146,2851,40445920,0.00000000
1669817767.01393867,0.18801545,202,301,0,515146,0.00000000,517405,2899,40445920,0.00000000
1669817767.11234927,0.19178780,257,319,0,517405,0.00000000,520128,3526,40445920,0.00000000
1669817767.21200085,0.18394398,251,319,0,520128,0.00000000,522585,3112,40445920,0.00000000
1669817767.31194091,0.18279280,198,299,0,522585,0.00000000,524627,2907,40445920,0.00000000
1669817767.41267657,0.17342881,225,324,0,524627,0.00000000,527126,3290,40445920,0.00000000
1669817767.51352096,0.17257767,184,296,0,527126,0.00000000,529076,2932,40445920,0.00000000
1669817767.61534142,0.19805902,205,300,0,529076,0.00000000,531641,3783,40445920,0.00000000
1669817767.71416235,0.18418766,209,312,0,531641,0.00000000,533603,3143,40445920,0.00000000
1669817767.81421065,0.17947831,207,316,0,533603,0.00000000,535587,2894,40445920,0.00000000
1669817767.91428065,0.17433272,214,317,0,535587,0.00000000,537299,2555,40445920,0.00000000
1669817768.01399159,0.19792391,178,288,0,537299,0.00000000,539191,2931,40445920,0.00000000
1669817768.11281013,0.18347710,216,328,0,539191,0.00000000,541246,3204,40445920,0.00000000
1669817768.21177530,0.18690766,254,317,0,541246,0.00000000,543232,3449,40445920,0.00000000
1669817768.30324340,0.18475169,209,320,0,543232,0.00000000,544528,2567,40445920,0.00000000
1669817768.40321183,0.18352979,239,344,0,544528,0.00000000,546042,2913,40445920,0.00000000
1669817768.50366163,0.16927838,231,325,0,546042,0.00000000,547421,2454,40445920,0.00000000
1669817768.60346818,0.17755466,204,314,0,547421,0.00000000,548842,2603,40445920,0.00000000
1669817768.70407414,0.17766769,224,329,0,548842,0.00000000,550446,2572,40445920,0.00000000
1669817768.80558610,0.17342689,210,334,0,550402,0.00000000,551815,2442,40445920,0.00000000
1669817768.90461826,0.17628397,214,346,0,551815,0.00000000,553118,2448,40445920,0.00000000
1669817769.00491214,0.17507564,195,325,0,553118,0.00000000,554456,2749,40445920,0.00000000
1669817769.10469198,0.18443830,239,341,0,553651,0.00000000,555072,2993,40445920,0.00000000
1669817769.20370030,0.18049939,212,316,0,555072,0.00000000,556472,2820,40445920,0.00000000
1669817769.30340886,0.18392493,238,326,0,556472,0.00000000,557466,2363,40445920,0.00000000
1669817769.40301681,0.17244365,203,318,0,557466,0.00000000,558922,2389,40445920,0.00000000
1669817769.50299120,0.18202360,188,345,0,558922,0.00000000,560318,2667,40445920,0.00000000
1669817769.60348940,0.17950691,215,310,0,559014,0.00000000,560144,2359,40445920,0.00000000
1669817769.70409107,0.19406465,237,324,0,560144,0.00000000,561445,2482,40445920,0.00000000
1669817769.80456328,0.18386949,232,328,0,561445,0.00000000,562796,2460,40445920,0.00000000
1669817769.90486383,0.17804055,260,324,0,562796,0.00000000,563825,2326,40445920,0.00000000
1669817770.00446320,0.18167495,228,306,0,563825,0.00000000,565027,2293,40445920,0.00000000
1669817770.10414839,0.17504742,196,316,0,565027,0.00000000,566311,2490,40445920,0.00000000
1669817770.20362306,0.18449581,189,303,0,566311,0.00000000,567788,2838,40445920,0.00000000
1669817770.30323195,0.17628928,202,334,0,567788,0.00000000,569523,2833,40445920,0.00000000
1669817770.40347123,0.19554663,260,318,0,569523,0.00000000,570553,2343,40445920,0.00000000
1669817770.50377440,0.19244995,245,294,0,570553,0.00000000,572186,2704,40445920,0.00000000
1669817770.60392928,0.18764340,208,307,0,570470,0.00000000,571712,2269,40445920,0.00000000
1669817770.70485115,0.18861255,241,303,0,570556,0.00000000,571625,2630,40445920,0.00000000
1669817770.80541015,0.19313333,232,313,0,571625,0.00000000,572509,2469,40445920,0.00000000
1669817770.90587401,0.18257414,177,309,0,572509,0.00000000,573824,2331,40445920,0.00000000
1669817771.00576568,0.18464415,210,292,0,573824,0.00000000,575064,2285,40445920,0.00000000
1669817771.10536456,0.17574828,178,311,0,575064,0.00000000,576434,2386,40445920,0.00000000
1669817771.20496678,0.18233963,186,277,0,576434,0.00000000,578031,2943,40445920,0.00000000
1669817771.30358052,0.18820888,175,326,0,578031,0.00000000,578730,2946,40445920,0.00000000
1669817771.40350389,0.17799361,165,303,0,578730,0.00000000,580172,2297,40445920,0.00000000
1669817771.50373101,0.18234837,200,304,0,580172,0.00000000,580928,2373,40445920,0.00000000
1669817771.60385489,0.18905416,167,297,0,580928,0.00000000,582322,2702,40445920,0.00000000
1669817771.70428085,0.19561468,206,289,0,582322,0.00000000,583461,2371,40445920,0.00000000
1669817771.80479026,0.18625833,200,301,0,580751,0.00000000,582172,2373,40445920,0.00000000
1669817771.90530467,0.18522981,232,314,0,582172,0.00000000,583278,2342,40445920,0.00000000
1669817772.00498462,0.17938564,220,311,0,583278,0.00000000,584597,2127,40445920,0.00000000
1669817772.10482669,0.18745322,214,315,0,584336,0.00000000,585478,2303,40445920,0.00000000
1669817772.20499849,0.18759083,191,316,0,585478,0.00000000,585429,2367,40445920,0.00000000
1669817772.30380678,0.18707923,213,321,0,585429,0.00000000,587119,3082,40445920,0.00000000
1669817772.40361571,0.17838790,210,318,0,587119,0.00000000,589154,2708,40445920,0.00000000
1669817772.50382590,0.18027274,202,318,0,589154,0.00000000,590025,2122,40445920,0.00000000
1669817772.60408974,0.19004306,165,291,0,590025,0.00000000,590856,2872,40445920,0.00000000
1669817772.70344567,0.17977552,179,300,0,590856,0.00000000,592182,2316,40445920,0.00000000
1669817772.80950284,0.18259668,204,286,0,592182,0.00000000,593223,3010,40445920,0.00000000
1669817772.91035986,0.17960089,159,280,0,593223,0.00000000,594238,2267,40445920,0.00000000
1669817773.01047444,0.17272722,204,337,0,594238,0.00000000,595589,2441,40445920,0.00000000
1669817773.11048460,0.17773837,216,294,0,595398,0.00000000,596698,2558,40445920,0.00000000
1669817773.21115804,0.18438997,184,293,0,596698,0.00000000,597714,2469,40445920,0.00000000
1669817773.30975127,0.18424880,187,286,0,597714,0.00000000,599208,3257,40445920,0.00000000
1669817773.40787864,0.18400226,179,284,0,599208,0.00000000,600557,3071,40445920,0.00000000
1669817773.50798082,0.18531449,231,316,0,600557,0.00000000,601691,2335,40445920,0.00000000
1669817773.60739541,0.17790817,190,298,0,601691,0.00000000,603669,3800,40445920,0.00000000
1669817773.70738649,0.17948796,148,285,0,603669,0.00000000,605246,3211,40445920,0.00000000
1669817773.80741358,0.18758401,175,299,0,605246,0.00000000,606164,2749,40445920,0.00000000
1669817773.90805817,0.17614163,191,262,0,606164,0.00000000,607696,3115,40445920,0.00000000
1669817774.00898099,0.18715036,169,286,0,607696,0.00000000,609083,2561,40445920,0.00000000
1669817774.10947323,0.18444392,190,307,0,609083,0.00000000,610205,2464,40445920,0.00000000
1669817774.20883965,0.18347059,153,328,0,610205,0.00000000,609840,2298,40445920,0.00000000
1669817774.30891776,0.18661320,192,319,0,609840,0.00000000,611277,2796,40445920,0.00000000
1669817774.40775728,0.19001429,198,295,0,608759,0.00000000,609158,3481,40445920,0.00000000
1669817774.50681067,0.17708381,236,333,0,609158,0.00000000,610057,2144,40445920,0.00000000
1669817774.60711908,0.18181464,216,312,0,610057,0.00000000,611473,2532,40445920,0.00000000
1669817774.70743394,0.17707524,174,302,0,611473,0.00000000,613041,2915,40445920,0.00000000
1669817774.80799556,0.18469833,215,318,0,613041,0.00000000,613723,2686,40445920,0.00000000
1669817774.90958023,0.20626823,187,270,0,613723,0.00000000,615069,3380,40445920,0.00000000
1669817775.01056743,0.18962935,173,287,0,615069,0.00000000,616142,2179,40445920,0.00000000
1669817775.11220956,0.19218052,198,323,0,616142,0.00000000,617326,2453,40445920,0.00000000
1669817775.21338439,0.19454721,212,283,0,617326,0.00000000,618989,2206,40445920,0.00000000
1669817775.31235766,0.18867456,165,281,0,610822,0.00000000,611837,2390,40445920,0.00000000
1669817775.41095233,0.18642775,185,286,0,611156,0.00000000,613186,3458,40445920,0.00000000
1669817775.51064157,0.19410755,170,297,0,613186,0.00000000,615409,3501,40445920,0.00000000
1669817775.61028242,0.18601547,213,287,0,614929,0.00000000,615768,2439,40445920,0.00000000
1669817775.71034265,0.19392468,207,289,0,615768,0.00000000,617957,2980,40445920,0.00000000
1669817775.80248857,0.18633826,206,312,0,617957,0.00000000,619547,2282,40445920,0.00000000
1669817775.90290117,0.17387413,198,299,0,619547,0.00000000,620881,2163,40445920,0.00000000
1669817776.00349808,0.17469264,253,325,0,620881,0.00000000,622733,2760,40445920,0.00000000
1669817776.10256696,0.17766176,241,324,0,622733,0.00000000,624131,2189,40445920,0.00000000
1669817776.20340729,0.18305441,258,341,0,624131,0.00000000,625643,2578,40445920,0.00000000
1669817776.30327463,0.17363751,217,296,0,625643,0.00000000,627062,2332,40445920,0.00000000
1669817776.40293360,0.16133298,177,300,0,627062,0.00000000,628499,2182,40445920,0.00000000
1669817776.50357962,0.17084120,206,291,0,628499,0.00000000,630378,3357,40445920,0.00000000
1669817776.60369086,0.17301498,235,324,0,630378,0.00000000,631645,2282,40445920,0.00000000
1669817776.70342088,0.17416928,161,287,0,631645,0.00000000,632861,2522,40445920,0.00000000
1669817776.80326676,0.16291160,220,338,0,632861,0.00000000,634170,2295,40445920,0.00000000
1669817776.90349460,0.16994761,225,320,0,634170,0.00000000,635679,2796,40445920,0.00000000
1669817777.00418448,0.17120497,195,290,0,635679,0.00000000,637182,2945,40445920,0.00000000
1669817777.10365772,0.17649002,189,308,0,637182,0.00000000,638463,2799,40445920,0.00000000
1669817777.20292950,0.16812868,231,315,0,638463,0.00000000,638863,2601,40445920,0.00000000
1669817777.30259299,0.16690540,194,287,0,637458,0.00000000,638002,2134,40445920,0.00000000
1669817777.40172100,0.18250563,171,274,0,638002,0.00000000,639306,2455,40445920,0.00000000
1669817777.50174212,0.17268376,204,304,0,639306,0.00000000,641063,3153,40445920,0.00000000
1669817777.60276008,0.16385826,229,317,0,641063,0.00000000,642426,2241,40445920,0.00000000
1669817777.70329618,0.16409442,195,309,0,642426,0.00000000,643629,2273,40445920,0.00000000
1669817777.80348754,0.17533283,190,320,0,643417,0.00000000,644504,2081,40445920,0.00000000
1669817777.90407825,0.18946752,219,334,0,644504,0.00000000,645248,2172,40445920,0.00000000
1669817778.00509953,0.20842600,169,307,0,645248,0.00000000,646779,2347,40445920,0.00000000
1669817778.10546684,0.17312560,182,344,0,646779,0.00000000,648816,2145,40445920,0.00000000
1669817778.20535088,0.17478075,208,292,0,615140,0.00000000,617068,2143,40445920,0.00000000
1669817778.30554938,0.16541260,179,296,0,617068,0.00000000,618810,2004,40445920,0.00000000
1669817778.40447688,0.16478566,243,329,0,618810,0.00000000,621305,2988,40445920,0.00000000
1669817778.50298524,0.16448386,192,316,0,621305,0.00000000,623316,2336,40445920,0.00000000
1669817778.60317087,0.16000482,196,293,0,623316,0.00000000,624761,1880,40445920,0.00000000
1669817778.70252848,0.15779444,197,294,0,624761,0.00000000,626583,2410,40445920,0.00000000
1669817778.80262136,0.16061760,198,295,0,626583,0.00000000,628092,1988,40445920,0.00000000
1669817778.90315938,0.15920240,190,290,0,628092,0.00000000,629863,2351,40445920,0.00000000
1669817779.00408125,0.16341641,175,298,0,629863,0.00000000,631456,2270,40445920,0.00000000
1669817779.10463548,0.16511362,185,292,0,631456,0.00000000,632759,1919,40445920,0.00000000
1669817779.20480728,0.15590385,166,295,0,632759,0.00000000,633986,1832,40445920,0.00000000
1669817779.30512547,0.16380693,180,320,0,633986,0.00000000,635295,1963,40445920,0.00000000
1669817779.40461588,0.15982982,216,305,0,635295,0.00000000,636984,2596,40445920,0.00000000
1669817779.50335407,0.15882723,177,299,0,636984,0.00000000,638345,2096,40445920,0.00000000
1669817779.60301948,0.16203578,178,303,0,638345,0.00000000,639593,1976,40445920,0.00000000
1669817779.70731187,0.15980428,179,307,0,639593,0.00000000,640973,2271,40445920,0.00000000
1669817779.80910182,0.17269107,179,308,0,640973,0.00000000,642158,1947,40445920,0.00000000
1669817779.90999699,0.16795017,206,302,0,642158,0.00000000,643227,1815,40445920,0.00000000
1669817780.01093817,0.16739279,175,296,0,643227,0.00000000,644410,2096,40445920,0.00000000
1669817780.11205888,0.16480182,178,291,0,644410,0.00000000,645422,1744,40445920,0.00000000
1669817780.21374393,0.17399249,156,307,0,645422,0.00000000,646289,2157,40445920,0.00000000
1669817780.31300044,0.16635995,124,301,0,646289,0.00000000,647390,2114,40445920,0.00000000
1669817780.41159892,0.16405591,189,316,0,647390,0.00000000,649417,3601,40445920,0.00000000
1669817780.51020288,0.16854578,137,266,0,649417,0.00000000,651000,2609,40445920,0.00000000
1669817780.60999537,0.16644943,194,309,0,651000,0.00000000,652144,2090,40445920,0.00000000
1669817780.70975661,0.16960748,152,272,0,652144,0.00000000,653680,2763,40445920,0.00000000
1669817780.80990911,0.16433900,179,303,0,653680,0.00000000,654818,2091,40445920,0.00000000
1669817780.91049004,0.18080750,217,281,0,654818,0.00000000,656058,2576,40445920,0.00000000
1669817781.01168585,0.17653582,210,311,0,655101,0.00000000,656094,2016,40445920,0.00000000
1669817781.11337471,0.16775725,226,302,0,656094,0.00000000,657182,2072,40445920,0.00000000
1669817781.21291590,0.16915674,183,318,0,657182,0.00000000,658183,1862,40445920,0.00000000
1669817781.31292844,0.16787471,158,297,0,658183,0.00000000,659214,2226,40445920,0.00000000
1669817781.41239047,0.17788899,200,320,0,659214,0.00000000,660296,2240,40445920,0.00000000
1669817781.51081681,0.17242598,133,271,0,660296,0.00000000,661279,2388,40445920,0.00000000
1669817781.61098790,0.16221075,147,276,0,661130,0.00000000,661971,1662,40445920,0.00000000
1669817781.71078014,0.16513223,175,298,0,661971,0.00000000,663299,2487,40445920,0.00000000
1669817781.81133461,0.17269834,179,299,0,663299,0.00000000,663990,1850,40445920,0.00000000
1669817781.91077995,0.16060085,193,294,0,663990,0.00000000,665125,2159,40445920,0.00000000
1669817782.01220751,0.15980479,207,267,0,664241,0.00000000,665095,2170,40445920,0.00000000
1669817782.11238813,0.16434898,165,281,0,665095,0.00000000,666050,1955,40445920,0.00000000
1669817782.21232367,0.16550342,200,294,0,666050,0.00000000,666924,1948,40445920,0.00000000
1669817782.31193638,0.18233508,155,289,0,666924,0.00000000,668238,2384,40445920,0.00000000
1669817782.41112065,0.17889767,197,288,0,668238,0.00000000,668334,2536,40445920,0.00000000
1669817782.50971937,0.16904333,149,246,0,668334,0.00000000,669351,2321,40445920,0.00000000
1669817782.60965562,0.16434999,175,296,0,669351,0.00000000,670275,1646,40445920,0.00000000
1669817782.70995164,0.16951042,200,261,0,670275,0.00000000,671644,2716,40445920,0.00000000
1669817782.81068873,0.16007397,142,259,0,671644,0.00000000,672790,2183,40445920,0.00000000
1669817782.91019082,0.16760127,169,274,0,672790,0.00000000,673754,2056,40445920,0.00000000
1669817783.01105595,0.15980388,165,247,0,673754,0.00000000,674416,2011,40445920,0.00000000
1669817783.11124086,0.15925920,164,253,0,674416,0.00000000,674497,1905,40445920,0.00000000
1669817783.21146107,0.16526667,191,267,0,674497,0.00000000,675410,1708,40445920,0.00000000
1669817783.31174612,0.15759710,194,281,0,674786,0.00000000,675412,1764,40445920,0.00000000
1669817783.41148829,0.16244142,175,261,0,675412,0.00000000,676718,2219,40445920,0.00000000
1669817783.51075029,0.16723568,162,282,0,676211,0.00000000,677151,2437,40445920,0.00000000
1669817783.61085892,0.15780754,170,293,0,677151,0.00000000,677961,1830,40445920,0.00000000
1669817783.71111631,0.15966412,177,268,0,677961,0.00000000,679183,2128,40445920,0.00000000
1669817783.81129718,0.16537712,189,269,0,679183,0.00000000,680163,2352,40445920,0.00000000
1669817783.91059566,0.16249054,197,261,0,680163,0.00000000,681231,1781,40445920,0.00000000
1669817784.01166725,0.16041394,193,247,0,678930,0.00000000,680299,2140,40445920,0.00000000
1669817784.11121988,0.16592548,153,222,0,679757,0.00000000,680943,2057,40445920,0.00000000
1669817784.21108413,0.16574722,171,264,0,680943,0.00000000,682036,1808,40445920,0.00000000
1669817784.31129193,0.17177222,163,267,0,682036,0.00000000,683077,1852,40445920,0.00000000
1669817784.41123772,0.16772559,158,229,0,683077,0.00000000,684023,1644,40445920,0.00000000
1669817784.51049447,0.17340283,163,268,0,684023,0.00000000,685494,2744,40445920,0.00000000
1669817784.60994005,0.16256793,170,259,0,685494,0.00000000,686326,2041,40445920,0.00000000
1669817784.71033502,0.16185901,163,261,0,686326,0.00000000,687161,1487,40445920,0.00000000
1669817784.81086421,0.15848693,131,245,0,687161,0.00000000,688257,2519,40445920,0.00000000
1669817784.91047263,0.15433942,153,267,0,688257,0.00000000,689047,1691,40445920,0.00000000
1669817785.01183081,0.16445415,172,257,0,689047,0.00000000,690348,2589,40445920,0.00000000
1669817785.11213636,0.15939904,183,274,0,689550,0.00000000,690361,2049,40445920,0.00000000
1669817785.21204090,0.15348014,161,282,0,690361,0.00000000,691095,1647,40445920,0.00000000
1669817785.31213713,0.16076981,165,256,0,691095,0.00000000,691861,1796,40445920,0.00000000
1669817785.41203618,0.17126719,173,280,0,691861,0.00000000,692623,1912,40445920,0.00000000
1669817785.51124883,0.17716277,158,263,0,692623,0.00000000,693728,2270,40445920,0.00000000
1669817785.61078286,0.18258361,142,251,0,693728,0.00000000,694976,2278,40445920,0.00000000
1669817785.71108127,0.17924939,151,251,0,694976,0.00000000,695721,1545,40445920,0.00000000
1669817785.81137276,0.18741233,154,249,0,695721,0.00000000,696907,2148,40445920,0.00000000
1669817785.91172385,0.17937855,134,234,0,696286,0.00000000,696946,1701,40445920,0.00000000
1669817786.01200581,0.17341785,131,256,0,696946,0.00000000,698470,2914,40445920,0.00000000
1669817786.11272073,0.18226928,137,267,0,698470,0.00000000,699625,2310,40445920,0.00000000
1669817786.21272326,0.17666419,167,276,0,699625,0.00000000,700518,1586,40445920,0.00000000
1669817786.31238675,0.17268359,117,258,0,700518,0.00000000,701555,1930,40445920,0.00000000
1669817786.41201282,0.17771313,92,254,0,701555,0.00000000,702347,2141,40445920,0.00000000
1669817786.51107812,0.17081537,121,234,0,702347,0.00000000,703513,2776,40445920,0.00000000
1669817786.61001873,0.17127851,139,250,0,703513,0.00000000,704633,2515,40445920,0.00000000
1669817786.71023631,0.17109730,182,246,0,704633,0.00000000,704843,1646,40445920,0.00000000
1669817786.81086373,0.17636371,154,271,0,704843,0.00000000,706186,3092,40445920,0.00000000
1669817786.91019630,0.18172452,157,247,0,705071,0.00000000,705890,2156,40445920,0.00000000
1669817787.01209021,0.17957402,141,244,0,705890,0.00000000,707020,2346,40445920,0.00000000
1669817787.11314702,0.17882686,151,242,0,707020,0.00000000,708302,2696,40445920,0.00000000
1669817787.21350813,0.18729704,148,270,0,708302,0.00000000,709058,1799,40445920,0.00000000
1669817787.31363201,0.17381546,118,252,0,708662,0.00000000,709752,2000,40445920,0.00000000
1669817787.41303921,0.16785526,148,278,0,709752,0.00000000,710707,2057,40445920,0.00000000
1669817787.51204491,0.18210856,153,258,0,710707,0.00000000,711668,2309,40445920,0.00000000
1669817787.61075354,0.16559204,182,291,0,711668,0.00000000,712857,2844,40445920,0.00000000
1669817787.70999956,0.17067920,188,301,0,712857,0.00000000,713954,1978,40445920,0.00000000
1669817787.80955744,0.17620938,156,244,0,712183,0.00000000,713720,2472,40445920,0.00000000
1669817787.90973783,0.17833923,162,273,0,712929,0.00000000,713472,2571,40445920,0.00000000
1669817788.01048112,0.17570501,134,254,0,712844,0.00000000,714105,1929,40445920,0.00000000
1669817788.11187434,0.18812077,186,270,0,714105,0.00000000,715588,3021,40445920,0.00000000
1669817788.21260762,0.15948678,182,289,0,715588,0.00000000,716830,2043,40445920,0.00000000
1669817788.31279945,0.16580313,171,271,0,716830,0.00000000,717518,1906,40445920,0.00000000
1669817788.41267776,0.15888354,157,281,0,717518,0.00000000,718518,2035,40445920,0.00000000
1669817788.51199794,0.17511084,179,316,0,718518,0.00000000,719646,2092,40445920,0.00000000
1669817788.61125875,0.17584292,180,292,0,719646,0.00000000,720850,2753,40445920,0.00000000
1669817788.71087027,0.17017621,139,262,0,720850,0.00000000,721797,2025,40445920,0.00000000
1669817788.81075740,0.16657872,151,259,0,721595,0.00000000,722459,1982,40445920,0.00000000
1669817788.91053700,0.16676399,147,264,0,722459,0.00000000,723652,2365,40445920,0.00000000
1669817789.01081538,0.16347621,176,277,0,723652,0.00000000,724743,2090,40445920,0.00000000
1669817789.11216879,0.16410508,148,256,0,724743,0.00000000,726372,3045,40445920,0.00000000
1669817789.21228385,0.16993602,163,287,0,726372,0.00000000,727473,2594,40445920,0.00000000
1669817789.31263566,0.15689372,135,279,0,722702,0.00000000,724081,2006,40445920,0.00000000
1669817789.41178346,0.15678624,153,285,0,724081,0.00000000,725443,1858,40445920,0.00000000
1669817789.51080632,0.15484431,170,284,0,725443,0.00000000,726738,1886,40445920,0.00000000
1669817789.60964417,0.16170682,186,281,0,726738,0.00000000,728412,2825,40445920,0.00000000
1669817789.70942163,0.15555468,131,273,0,728412,0.00000000,730057,2574,40445920,0.00000000
1669817789.80954862,0.15922549,172,294,0,730057,0.00000000,731235,1802,40445920,0.00000000
1669817789.90991354,0.16178445,171,288,0,731235,0.00000000,732670,2219,40445920,0.00000000
1669817790.01025319,0.15759383,187,282,0,732670,0.00000000,733841,2028,40445920,0.00000000
1669817790.11219263,0.17472148,200,294,0,733841,0.00000000,735096,2244,40445920,0.00000000
1669817790.21198726,0.16439932,155,279,0,735096,0.00000000,736659,2905,40445920,0.00000000
1669817790.31238866,0.16430805,141,274,0,736659,0.00000000,737872,2262,40445920,0.00000000
1669817790.41259360,0.17017390,183,295,0,737872,0.00000000,738919,2306,40445920,0.00000000
1669817790.51212382,0.17264860,136,293,0,738919,0.00000000,740241,2890,40445920,0.00000000
1669817790.61118841,0.16273889,137,295,0,740241,0.00000000,741569,2604,40445920,0.00000000
1669817790.71030927,0.16506093,166,268,0,741569,0.00000000,742838,2391,40445920,0.00000000
1669817790.80978346,0.16923146,165,300,0,742813,0.00000000,743913,2144,40445920,0.00000000
1669817790.90931606,0.16734531,129,266,0,743913,0.00000000,745755,3556,40445920,0.00000000
1669817791.00902700,0.15979254,159,280,0,745755,0.00000000,747046,2377,40445920,0.00000000
1669817791.10869431,0.16221471,160,277,0,746991,0.00000000,748279,2188,40445920,0.00000000
1669817791.20891881,0.15913647,177,306,0,748279,0.00000000,749532,2061,40445920,0.00000000
1669817791.30956101,0.16048090,229,300,0,749532,0.00000000,750365,1850,40445920,0.00000000
1669817791.41018200,0.16130877,199,281,0,750365,0.00000000,751311,2065,40445920,0.00000000
1669817791.51031852,0.15938064,142,286,0,751107,0.00000000,752481,2519,40445920,0.00000000
1669817791.61018729,0.15581867,203,328,0,752481,0.00000000,753594,1958,40445920,0.00000000
1669817791.71001744,0.16275239,209,344,0,752940,0.00000000,754189,1957,40445920,0.00000000
1669817791.81024480,0.15579138,212,301,0,754093,0.00000000,754992,1857,40445920,0.00000000
1669817791.90313482,0.16602415,242,302,0,754992,0.00000000,756067,1905,40445920,0.00000000
1669817792.00349188,0.16232581,199,293,0,742147,0.00000000,743700,1873,40445920,0.00000000
1669817792.10379863,0.15087393,225,310,0,743700,0.00000000,745204,1762,40445920,0.00000000
1669817792.20390320,0.15669862,218,300,0,745204,0.00000000,746570,1762,40445920,0.00000000
1669817792.30377197,0.15411556,186,304,0,746570,0.00000000,748047,1990,40445920,0.00000000
1669817792.40400958,0.16325334,181,325,0,748047,0.00000000,749505,1990,40445920,0.00000000
1669817792.50264359,0.17627862,202,296,0,749505,0.00000000,750781,1777,40445920,0.00000000
1669817792.60269070,0.16925323,185,298,0,750781,0.00000000,752218,2114,40445920,0.00000000
1669817792.70317364,0.16447561,194,323,0,752218,0.00000000,753655,2221,40445920,0.00000000
1669817792.80291009,0.16088275,150,276,0,753655,0.00000000,755240,2259,40445920,0.00000000
1669817792.90230227,0.17469445,160,300,0,755240,0.00000000,756581,1894,40445920,0.00000000
1669817793.00267673,0.16859504,175,281,0,756547,0.00000000,758227,2354,40445920,0.00000000
1669817793.10276031,0.16663872,207,302,0,758227,0.00000000,759716,2164,40445920,0.00000000
1669817793.20328403,0.18187755,224,332,0,759716,0.00000000,761107,2351,40445920,0.00000000
1669817793.30407023,0.17551292,200,299,0,761107,0.00000000,762277,2245,40445920,0.00000000
1669817793.40440679,0.16343806,206,297,0,762277,0.00000000,763669,1994,40445920,0.00000000
1669817793.50405502,0.16876807,205,309,0,763669,0.00000000,764626,1992,40445920,0.00000000
1669817793.60448861,0.19648435,183,293,0,764442,0.00000000,766037,2188,40445920,0.00000000
1669817793.70499420,0.17487890,194,275,0,744536,0.00000000,746575,2232,40445920,0.00000000
1669817793.80384159,0.16841607,198,314,0,746575,0.00000000,748518,2213,40445920,0.00000000
1669817793.90350318,0.15767371,204,305,0,748518,0.00000000,750129,1867,40445920,0.00000000
1669817794.00333309,0.16033182,226,316,0,750129,0.00000000,751877,2212,40445920,0.00000000
1669817794.10348058,0.16841870,160,289,0,751877,0.00000000,753608,2100,40445920,0.00000000
1669817794.20391583,0.15924438,185,306,0,753608,0.00000000,755424,2339,40445920,0.00000000
1669817794.30357909,0.15957263,195,315,0,755424,0.00000000,756973,2100,40445920,0.00000000
1669817794.40381002,0.16248991,189,320,0,756973,0.00000000,758418,1985,40445920,0.00000000
1669817794.50300741,0.15952323,192,288,0,758418,0.00000000,759911,2032,40445920,0.00000000
1669817794.60383368,0.16237369,192,292,0,759258,0.00000000,760798,2078,40445920,0.00000000
1669817794.70511723,0.16567741,196,296,0,760798,0.00000000,762547,2379,40445920,0.00000000
1669817794.80227947,0.16917177,177,318,0,762547,0.00000000,764171,2341,40445920,0.00000000
1669817794.90288424,0.16115189,176,303,0,764171,0.00000000,765472,1881,40445920,0.00000000
1669817795.00289273,0.16447950,189,317,0,765472,0.00000000,766919,2352,40445920,0.00000000
1669817795.10339093,0.16356255,182,308,0,766919,0.00000000,768503,2319,40445920,0.00000000
1669817795.20381856,0.15731649,202,309,0,768503,0.00000000,770011,2308,40445920,0.00000000
1669817795.30401373,0.16707997,187,307,0,769583,0.00000000,770990,2321,40445920,0.00000000
1669817795.40532804,0.18608014,191,302,0,770990,0.00000000,772405,2005,40445920,0.00000000
1669817795.50444293,0.16180554,197,293,0,772405,0.00000000,774302,1957,40445920,0.00000000
1669817795.60455775,0.15774513,174,303,0,752099,0.00000000,753778,2001,40445920,0.00000000
1669817795.70492339,0.16384886,213,298,0,753778,0.00000000,755657,2237,40445920,0.00000000
1669817795.80278778,0.15294385,155,315,0,755657,0.00000000,757472,2191,40445920,0.00000000
1669817795.90386152,0.17209118,183,303,0,757472,0.00000000,758935,1868,40445920,0.00000000
1669817796.00354362,0.15872173,223,319,0,758935,0.00000000,760612,2073,40445920,0.00000000
1669817796.10367274,0.15910346,181,314,0,760612,0.00000000,762181,2135,40445920,0.00000000
1669817796.20446587,0.17395629,216,309,0,762181,0.00000000,763822,2323,40445920,0.00000000
1669817796.30368614,0.18247898,220,323,0,763822,0.00000000,765321,2148,40445920,0.00000000
1669817796.40383053,0.15168010,182,296,0,765321,0.00000000,766680,1987,40445920,0.00000000
1669817796.50355983,0.16125696,194,322,0,766680,0.00000000,768105,1997,40445920,0.00000000
1669817796.60407782,0.16075616,183,295,0,768105,0.00000000,769523,2055,40445920,0.00000000
1669817796.70485067,0.16828409,213,309,0,769431,0.00000000,770806,2077,40445920,0.00000000
1669817796.80231953,0.16304771,251,330,0,770806,0.00000000,772388,2309,40445920,0.00000000
1669817796.90327239,0.16814480,173,332,0,772388,0.00000000,773849,2166,40445920,0.00000000
1669817797.00215840,0.16123101,202,304,0,773849,0.00000000,775167,2235,40445920,0.00000000
1669817797.10236597,0.17993042,174,276,0,775167,0.00000000,776735,2498,40445920,0.00000000
1669817797.20284081,0.16712481,205,293,0,776735,0.00000000,778106,2073,40445920,0.00000000
1669817797.30349755,0.17188425,196,299,0,778106,0.00000000,779493,2285,40445920,0.00000000
1669817797.40385795,0.16022406,195,298,0,779493,0.00000000,780613,2222,40445920,0.00000000
1669817797.50377464,0.16402079,228,324,0,779521,0.00000000,780837,2015,40445920,0.00000000
1669817797.60493088,0.16872558,210,307,0,780837,0.00000000,782070,2183,40445920,0.00000000
1669817797.70514417,0.16258233,195,292,0,782070,0.00000000,783559,2179,40445920,0.00000000
1669817797.80207801,0.16537606,172,311,0,783559,0.00000000,784751,2231,40445920,0.00000000
1669817797.90211749,0.17884931,179,297,0,784751,0.00000000,785847,1948,40445920,0.00000000
1669817798.00189376,0.21111028,196,311,0,785847,0.00000000,787912,2134,40445920,0.00000000
1669817798.10229564,0.17875058,219,324,0,787912,0.00000000,790637,2820,40445920,0.00000000
1669817798.20269871,0.18161671,206,325,0,790637,0.00000000,771614,2264,40445920,0.00000000
1669817798.30320287,0.16983766,231,343,0,771614,0.00000000,773551,2477,40445920,0.00000000
1669817798.40384126,0.18006981,179,322,0,773551,0.00000000,775223,2169,40445920,0.00000000
1669817798.50385046,0.16017077,230,346,0,775223,0.00000000,776926,2175,40445920,0.00000000
1669817798.60389709,0.16616338,261,338,0,776926,0.00000000,778413,2007,40445920,0.00000000
1669817798.70368075,0.16325496,202,331,0,778413,0.00000000,779909,2125,40445920,0.00000000
1669817798.80259395,0.15933638,194,300,0,779909,0.00000000,781644,2376,40445920,0.00000000
1669817798.90304303,0.17453604,211,335,0,781644,0.00000000,783139,2206,40445920,0.00000000
1669817799.00386453,0.16807843,258,339,0,783139,0.00000000,784500,2075,40445920,0.00000000
1669817799.10478282,0.16333315,213,307,0,784500,0.00000000,785774,2158,40445920,0.00000000
1669817799.20395637,0.16963420,213,331,0,785774,0.00000000,787089,1992,40445920,0.00000000
1669817799.30441141,0.16725660,264,328,0,787007,0.00000000,788560,2240,40445920,0.00000000
1669817799.40488791,0.15920136,201,312,0,788560,0.00000000,789976,2199,40445920,0.00000000
1669817799.50468493,0.16662555,233,328,0,789976,0.00000000,791167,1908,40445920,0.00000000
1669817799.60491276,0.16308249,195,315,0,790851,0.00000000,792114,2105,40445920,0.00000000
1669817799.70472980,0.16427645,192,341,0,792114,0.00000000,793416,2069,40445920,0.00000000
1669817799.80345178,0.16241889,219,337,0,793416,0.00000000,795126,2705,40445920,0.00000000
1669817799.90274811,0.17176537,192,324,0,795126,0.00000000,796209,2334,40445920,0.00000000
1669817800.00269556,0.15817889,201,306,0,796209,0.00000000,797322,2066,40445920,0.00000000
1669817800.10253406,0.16542712,228,336,0,797322,0.00000000,798655,2286,40445920,0.00000000
1669817800.20305085,0.16598525,234,319,0,797999,0.00000000,799275,2089,40445920,0.00000000
1669817800.30346155,0.16136563,164,309,0,799275,0.00000000,800550,2115,40445920,0.00000000
1669817800.40359282,0.15914438,201,319,0,800550,0.00000000,801831,2421,40445920,0.00000000
1669817800.50484991,0.17152930,214,315,0,801831,0.00000000,803176,2207,40445920,0.00000000
1669817800.60447741,0.16199855,201,310,0,803105,0.00000000,804322,2057,40445920,0.00000000
1669817800.70420766,0.16222678,214,323,0,804322,0.00000000,805573,2196,40445920,0.00000000
1669817800.80336404,0.16742979,195,318,0,805573,0.00000000,806842,2196,40445920,0.00000000
1669817800.90264535,0.16773003,235,336,0,806842,0.00000000,807918,2352,40445920,0.00000000
1669817801.00310826,0.17376868,201,325,0,807918,0.00000000,808827,1944,40445920,0.00000000
1669817801.10241580,0.17117194,192,321,0,808827,0.00000000,810001,2135,40445920,0.00000000
1669817801.20166969,0.17917909,204,330,0,810001,0.00000000,811169,2244,40445920,0.00000000
1669817801.30325532,0.18749290,219,321,0,811017,0.00000000,812514,2366,40445920,0.00000000
1669817801.40298223,0.17379685,223,309,0,812514,0.00000000,813862,2516,40445920,0.00000000
1669817801.50296783,0.16593053,232,343,0,813862,0.00000000,814407,1938,40445920,0.00000000
1669817801.60358429,0.16743488,219,332,0,814407,0.00000000,815352,2202,40445920,0.00000000
1669817801.70349145,0.17896677,274,361,0,815352,0.00000000,816206,2035,40445920,0.00000000
1669817801.80338407,0.16157229,223,352,0,816206,0.00000000,817112,2138,40445920,0.00000000
1669817801.90280604,0.16976662,249,341,0,817112,0.00000000,818023,2103,40445920,0.00000000
1669817802.00386882,0.18118887,230,337,0,818023,0.00000000,819055,2056,40445920,0.00000000
1669817802.10317302,0.18379669,217,332,0,819055,0.00000000,819828,2064,40445920,0.00000000
1669817802.20355678,0.16631576,237,354,0,819828,0.00000000,821121,2261,40445920,0.00000000
1669817802.30345082,0.16732516,227,339,0,821121,0.00000000,822297,2450,40445920,0.00000000
1669817802.40543675,0.17008449,269,351,0,822297,0.00000000,823529,2418,40445920,0.00000000
1669817802.50360847,0.17626575,220,349,0,823232,0.00000000,824416,2349,40445920,0.00000000
1669817802.60412526,0.16791609,273,329,0,824416,0.00000000,825725,2370,40445920,0.00000000
1669817802.70377445,0.16780730,224,301,0,825725,0.00000000,827114,2639,40445920,0.00000000
1669817802.80347204,0.16809274,195,300,0,827114,0.00000000,828115,2301,40445920,0.00000000
1669817802.90240741,0.17901866,224,315,0,826998,0.00000000,828505,2338,40445920,0.00000000
1669817803.00254893,0.18044674,219,332,0,827278,0.00000000,828376,2022,40445920,0.00000000
1669817803.10214210,0.17703279,195,313,0,828376,0.00000000,829899,2353,40445920,0.00000000
1669817803.20301938,0.16875790,175,308,0,829807,0.00000000,831172,2432,40445920,0.00000000
1669817803.30293107,0.18604787,186,313,0,831172,0.00000000,832749,2431,40445920,0.00000000
1669817803.40333223,0.18209058,241,340,0,830581,0.00000000,832279,2797,40445920,0.00000000
1669817803.50408363,0.18233360,221,337,0,832279,0.00000000,833749,2355,40445920,0.00000000
1669817803.60417914,0.18153152,244,327,0,833749,0.00000000,835255,2617,40445920,0.00000000
1669817803.70373464,0.17135392,214,322,0,835255,0.00000000,836668,2390,40445920,0.00000000
1669817803.80282235,0.16865347,250,328,0,836668,0.00000000,837768,2561,40445920,0.00000000
1669817803.90247869,0.17932158,249,328,0,837768,0.00000000,839116,2301,40445920,0.00000000
1669817804.00286579,0.17578931,202,340,0,838959,0.00000000,840234,2263,40445920,0.00000000
1669817804.10234475,0.17411759,205,312,0,840234,0.00000000,841250,2152,40445920,0.00000000
1669817804.20198011,0.18674338,214,319,0,841250,0.00000000,842730,2472,40445920,0.00000000
1669817804.30229235,0.18030971,217,325,0,842730,0.00000000,844061,2621,40445920,0.00000000
1669817804.40239573,0.17733507,252,337,0,844061,0.00000000,845195,2296,40445920,0.00000000
1669817804.50358009,0.17747519,269,334,0,845195,0.00000000,846135,2132,40445920,0.00000000
1669817804.60421729,0.18556889,238,313,0,846135,0.00000000,847139,2103,40445920,0.00000000
1669817804.70239019,0.17741126,253,327,0,846994,0.00000000,848177,2107,40445920,0.00000000
1669817804.80258465,0.17198714,201,305,0,848177,0.00000000,849364,1983,40445920,0.00000000
1669817804.90392900,0.17583234,201,310,0,849364,0.00000000,850402,2391,40445920,0.00000000
1669817805.00345373,0.18168107,238,340,0,850402,0.00000000,851634,2080,40445920,0.00000000
1669817805.10363817,0.17232854,221,320,0,848422,0.00000000,849720,2057,40445920,0.00000000
1669817805.20386291,0.16278040,172,317,0,849720,0.00000000,850815,2289,40445920,0.00000000
1669817805.30392838,0.16601082,203,308,0,850815,0.00000000,851993,2060,40445920,0.00000000
1669817805.40467501,0.17347266,218,286,0,851993,0.00000000,853408,2359,40445920,0.00000000
1669817805.50512767,0.17744237,213,273,0,853408,0.00000000,854255,2074,40445920,0.00000000
1669817805.60459781,0.16774992,198,264,0,854067,0.00000000,855238,1853,40445920,0.00000000
1669817805.70411396,0.16007496,183,267,0,852644,0.00000000,853964,1872,40445920,0.00000000
1669817805.80430508,0.17693973,214,271,0,853964,0.00000000,855368,2098,40445920,0.00000000
1669817805.90305471,0.17449357,204,306,0,855368,0.00000000,856690,2061,40445920,0.00000000
1669817806.00247622,0.16858123,166,262,0,856690,0.00000000,857891,2099,40445920,0.00000000
1669817806.10280776,0.16603013,161,266,0,857891,0.00000000,859192,2016,40445920,0.00000000
1669817806.20537996,0.18153574,225,309,0,859192,0.00000000,860277,2001,40445920,0.00000000
1669817806.30535150,0.17126314,159,279,0,860277,0.00000000,861391,1891,40445920,0.00000000
1669817806.40656662,0.17206885,159,283,0,861391,0.00000000,862307,1878,40445920,0.00000000
1669817806.50653815,0.18435998,176,290,0,862307,0.00000000,863423,2038,40445920,0.00000000
1669817806.60752177,0.16784392,181,263,0,859803,0.00000000,861069,1986,40445920,0.00000000
1669817806.70723844,0.17923373,204,262,0,860429,0.00000000,861487,1926,40445920,0.00000000
1669817806.80680490,0.18036314,159,259,0,861487,0.00000000,862699,2067,40445920,0.00000000
1669817806.90682840,0.17365262,202,280,0,862699,0.00000000,863835,1849,40445920,0.00000000
1669817807.00612426,0.16901559,200,297,0,863835,0.00000000,864987,1879,40445920,0.00000000
1669817807.10556483,0.17538528,188,291,0,864987,0.00000000,866124,1841,40445920,0.00000000
1669817807.20535159,0.18628410,175,304,0,866124,0.00000000,866929,2001,40445920,0.00000000
1669817807.30438137,0.19187070,229,328,0,866929,0.00000000,868491,2074,40445920,0.00000000
1669817807.40496755,0.18178927,230,309,0,860722,0.00000000,862182,1936,40445920,0.00000000
1669817807.50562048,0.17641132,201,316,0,862182,0.00000000,863552,1989,40445920,0.00000000
1669817807.60422635,0.17318160,161,294,0,863552,0.00000000,864750,1760,40445920,0.00000000
1669817807.70614743,0.17171523,193,310,0,864750,0.00000000,865974,2021,40445920,0.00000000
1669817807.80766630,0.17399662,205,285,0,865974,0.00000000,867130,1974,40445920,0.00000000
1669817807.90778685,0.18910004,181,292,0,867130,0.00000000,868240,1951,40445920,0.00000000
1669817808.00677943,0.17562959,211,296,0,868240,0.00000000,869176,1809,40445920,0.00000000
1669817808.10728264,0.17728698,219,307,0,869176,0.00000000,870471,2118,40445920,0.00000000
1669817808.20702219,0.18719003,246,308,0,870471,0.00000000,871470,1897,40445920,0.00000000
1669817808.30757284,0.17263663,191,308,0,871470,0.00000000,872216,1647,40445920,0.00000000
1669817808.40633273,0.17605038,222,292,0,872216,0.00000000,873211,1675,40445920,0.00000000
1669817808.50576425,0.17731734,175,287,0,873211,0.00000000,874021,1656,40445920,0.00000000
1669817808.60495234,0.17754802,188,305,0,874021,0.00000000,874417,1827,40445920,0.00000000
1669817808.70547748,0.17302068,197,287,0,874417,0.00000000,875254,1839,40445920,0.00000000
1669817808.80443382,0.16505229,203,315,0,875254,0.00000000,876189,1822,40445920,0.00000000
1669817808.90388298,0.18241213,193,274,0,876111,0.00000000,876911,1580,40445920,0.00000000
1669817809.00504184,0.17484062,194,261,0,876659,0.00000000,877232,1594,40445920,0.00000000
1669817809.10567808,0.17081231,183,279,0,877160,0.00000000,877994,1659,40445920,0.00000000
1669817809.20520496,0.16989643,162,269,0,877994,0.00000000,878931,1798,40445920,0.00000000
1669817809.30622697,0.17206611,161,278,0,878931,0.00000000,879728,1536,40445920,0.00000000
1669817809.40738130,0.16646819,171,284,0,879728,0.00000000,880391,1503,40445920,0.00000000
1669817809.50654936,0.16176814,134,273,0,880391,0.00000000,880955,1427,40445920,0.00000000
1669817809.60583091,0.15880724,191,304,0,880955,0.00000000,881629,1296,40445920,0.00000000
1669817809.70510983,0.17345176,222,301,0,881629,0.00000000,882149,1349,40445920,0.00000000
1669817809.80552197,0.16003661,215,300,0,882149,0.00000000,882736,1436,40445920,0.00000000
